{
  "type": "minecraft:block",
  "pools": [
    {
      "name": "pool1",
      "rolls": 1.0,
      "entries": [
        {
          "type": "minecraft:alternatives",
          "children": [
            {
              "type": "minecraft:item",
              "conditions": [
                {
                  "condition": "minecraft:block_state_property",
                  "block": "farmersdelight:rice_panicles",
                  "properties": {
                    "age": "3"
                  }
                },
                {
                  "condition": "minecraft:match_tool",
                  "predicate": {
                    "tag": "c:tools/knives"
                  }
                }
              ],
              "name": "farmersdelight:rice"
            },
            {
              "type": "minecraft:item",
              "conditions": [
                {
                  "condition": "minecraft:block_state_property",
                  "block": "farmersdelight:rice_panicles",
                  "properties": {
                    "age": "3"
                  }
                }
              ],
              "name": "farmersdelight:rice_panicle"
            }
          ]
        }
      ]
    },
    {
      "name": "pool2",
      "rolls": 1.0,
      "entries": [
        {
          "type": "minecraft:alternatives",
          "children": [
            {
              "type": "minecraft:item",
              "conditions": [
                {
                  "condition": "minecraft:block_state_property",
                  "block": "farmersdelight:rice_panicles",
                  "properties": {
                    "age": "3"
                  }
                },
                {
                  "condition": "minecraft:match_tool",
                  "predicate": {
                    "tag": "c:tools/knives"
                  }
                }
              ],
              "functions": [
                {
                  "function": "minecraft:apply_bonus",
                  "enchantment": "minecraft:fortune",
                  "formula": "minecraft:binomial_with_bonus_count",
                  "parameters": {
                    "extra": 3,
                    "probability": 0.5714286
                  }
                }
              ],
              "name": "farmersdelight:rice"
            },
            {
              "type": "minecraft:item",
              "conditions": [
                {
                  "condition": "minecraft:block_state_property",
                  "block": "farmersdelight:rice_panicles",
                  "properties": {
                    "age": "3"
                  }
                }
              ],
              "functions": [
                {
                  "function": "minecraft:apply_bonus",
                  "enchantment": "minecraft:fortune",
                  "formula": "minecraft:binomial_with_bonus_count",
                  "parameters": {
                    "extra": 3,
                    "probability": 0.5714286
                  }
                }
              ],
              "name": "farmersdelight:rice_panicle"
            }
          ]
        }
      ]
    },
    {
      "name": "pool3",
      "rolls": 1.0,
      "entries": [
        {
          "type": "minecraft:item",
          "conditions": [
            {
              "condition": "minecraft:match_tool",
              "predicate": {
                "tag": "farmersdelight:straw_harvesters"
              }
            },
            {
              "condition": "minecraft:block_state_property",
              "block": "farmersdelight:rice_panicles",
              "properties": {
                "age": "3"
              }
            }
          ],
          "name": "farmersdelight:straw"
        }
      ]
    }
  ],
  "functions": [
    {
      "function": "minecraft:explosion_decay"
    }
  ]
}